-- ============================================================
--  VM-STUDIO — SEED DATA (Fixed)
--  Run AFTER schema.sql and rls.sql
-- ============================================================

-- ── 1. Companies ─────────────────────────────────────────────
insert into public.companies (id, name, slug, primary_color, accent_color) values
  ('11111111-0000-0000-0000-000000000001', 'Fashion Co',  'fashionco',  '#0a0a0f', '#c8a96e'),
  ('11111111-0000-0000-0000-000000000002', 'Home Centre', 'homecentre', '#1a0508', '#800020'),
  ('11111111-0000-0000-0000-000000000003', 'Scent World', 'scentworld', '#0f0a1a', '#9b6dff');

-- ── 2. Company Settings ──────────────────────────────────────
insert into public.company_settings (company_id) values
  ('11111111-0000-0000-0000-000000000001'),
  ('11111111-0000-0000-0000-000000000002'),
  ('11111111-0000-0000-0000-000000000003');

-- ── 3. Branches ──────────────────────────────────────────────
insert into public.branches (company_id, name, city, sort_order) values
  ('11111111-0000-0000-0000-000000000001', 'Riyadh Park',    'Riyadh', 1),
  ('11111111-0000-0000-0000-000000000001', 'Mall of Arabia', 'Jeddah', 2),
  ('11111111-0000-0000-0000-000000000001', 'Red Sea Mall',   'Jeddah', 3),
  ('11111111-0000-0000-0000-000000000002', 'Sultan Mall',    'Jeddah', 1),
  ('11111111-0000-0000-0000-000000000002', 'Jeddah Park',    'Jeddah', 2),
  ('11111111-0000-0000-0000-000000000002', 'Bawadi',         'Riyadh', 3),
  ('11111111-0000-0000-0000-000000000002', 'Salam Mall',     'Riyadh', 4),
  ('11111111-0000-0000-0000-000000000003', 'Kingdom Centre', 'Riyadh', 1),
  ('11111111-0000-0000-0000-000000000003', 'Nakheel Mall',   'Riyadh', 2);

-- ── 4. Categories ────────────────────────────────────────────
insert into public.categories (id, company_id, name, icon, sort_order) values
  -- Fashion Co
  ('aaaaaaaa-0000-0000-0000-000000000001', '11111111-0000-0000-0000-000000000001', 'Men''s',       '👔', 1),
  ('aaaaaaaa-0000-0000-0000-000000000002', '11111111-0000-0000-0000-000000000001', 'Women''s',     '👗', 2),
  ('aaaaaaaa-0000-0000-0000-000000000003', '11111111-0000-0000-0000-000000000001', 'Kids & Teens', '🧒', 3),
  ('aaaaaaaa-0000-0000-0000-000000000004', '11111111-0000-0000-0000-000000000001', 'Shoes',        '👟', 4),
  ('aaaaaaaa-0000-0000-0000-000000000005', '11111111-0000-0000-0000-000000000001', 'Accessories',  '👜', 5),
  -- Home Centre
  ('bbbbbbbb-0000-0000-0000-000000000001', '11111111-0000-0000-0000-000000000002', 'Furniture',    '🛋️', 1),
  ('bbbbbbbb-0000-0000-0000-000000000002', '11111111-0000-0000-0000-000000000002', 'Home Decor',   '🏺', 2),
  ('bbbbbbbb-0000-0000-0000-000000000003', '11111111-0000-0000-0000-000000000002', 'Living',       '🍽️', 3),
  ('bbbbbbbb-0000-0000-0000-000000000004', '11111111-0000-0000-0000-000000000002', 'Garden',       '🌿', 4),
  ('bbbbbbbb-0000-0000-0000-000000000005', '11111111-0000-0000-0000-000000000002', 'Kids',         '🧸', 5),
  -- Scent World
  ('cccccccc-0000-0000-0000-000000000001', '11111111-0000-0000-0000-000000000003', 'Perfumes',     '🌸', 1),
  ('cccccccc-0000-0000-0000-000000000002', '11111111-0000-0000-0000-000000000003', 'Oud',          '🪵', 2),
  ('cccccccc-0000-0000-0000-000000000003', '11111111-0000-0000-0000-000000000003', 'Body Care',    '✨', 3),
  ('cccccccc-0000-0000-0000-000000000004', '11111111-0000-0000-0000-000000000003', 'Gift Sets',    '🎁', 4);

-- ── 5. Subcategories — Fashion Co ────────────────────────────
insert into public.subcategories (company_id, category_id, name, sort_order) values
  -- Men's
  ('11111111-0000-0000-0000-000000000001', 'aaaaaaaa-0000-0000-0000-000000000001', 'Basics & Essentials', 1),
  ('11111111-0000-0000-0000-000000000001', 'aaaaaaaa-0000-0000-0000-000000000001', 'Shirts & Tops',       2),
  ('11111111-0000-0000-0000-000000000001', 'aaaaaaaa-0000-0000-0000-000000000001', 'Trousers & Denim',    3),
  ('11111111-0000-0000-0000-000000000001', 'aaaaaaaa-0000-0000-0000-000000000001', 'Outerwear',           4),
  ('11111111-0000-0000-0000-000000000001', 'aaaaaaaa-0000-0000-0000-000000000001', 'Formal',              5),
  ('11111111-0000-0000-0000-000000000001', 'aaaaaaaa-0000-0000-0000-000000000001', 'Accessories',         6),
  ('11111111-0000-0000-0000-000000000001', 'aaaaaaaa-0000-0000-0000-000000000001', 'Footwear',            7),
  -- Women's
  ('11111111-0000-0000-0000-000000000001', 'aaaaaaaa-0000-0000-0000-000000000002', 'Basics & Essentials', 1),
  ('11111111-0000-0000-0000-000000000001', 'aaaaaaaa-0000-0000-0000-000000000002', 'Dresses & Skirts',    2),
  ('11111111-0000-0000-0000-000000000001', 'aaaaaaaa-0000-0000-0000-000000000002', 'Tops & Blouses',      3),
  ('11111111-0000-0000-0000-000000000001', 'aaaaaaaa-0000-0000-0000-000000000002', 'Outerwear',           4),
  ('11111111-0000-0000-0000-000000000001', 'aaaaaaaa-0000-0000-0000-000000000002', 'Modest Wear',         5),
  ('11111111-0000-0000-0000-000000000001', 'aaaaaaaa-0000-0000-0000-000000000002', 'Accessories',         6),
  ('11111111-0000-0000-0000-000000000001', 'aaaaaaaa-0000-0000-0000-000000000002', 'Footwear',            7),
  -- Kids & Teens
  ('11111111-0000-0000-0000-000000000001', 'aaaaaaaa-0000-0000-0000-000000000003', 'Basics & Essentials', 1),
  ('11111111-0000-0000-0000-000000000001', 'aaaaaaaa-0000-0000-0000-000000000003', 'Boys 2-8Y',           2),
  ('11111111-0000-0000-0000-000000000001', 'aaaaaaaa-0000-0000-0000-000000000003', 'Boys 9-16Y',          3),
  ('11111111-0000-0000-0000-000000000001', 'aaaaaaaa-0000-0000-0000-000000000003', 'Girls 2-8Y',          4),
  ('11111111-0000-0000-0000-000000000001', 'aaaaaaaa-0000-0000-0000-000000000003', 'Girls 9-16Y',         5),
  ('11111111-0000-0000-0000-000000000001', 'aaaaaaaa-0000-0000-0000-000000000003', 'Teens',               6),
  ('11111111-0000-0000-0000-000000000001', 'aaaaaaaa-0000-0000-0000-000000000003', 'Accessories',         7),
  -- Shoes
  ('11111111-0000-0000-0000-000000000001', 'aaaaaaaa-0000-0000-0000-000000000004', 'Men''s Shoes',        1),
  ('11111111-0000-0000-0000-000000000001', 'aaaaaaaa-0000-0000-0000-000000000004', 'Women''s Shoes',      2),
  ('11111111-0000-0000-0000-000000000001', 'aaaaaaaa-0000-0000-0000-000000000004', 'Kids Shoes',          3),
  ('11111111-0000-0000-0000-000000000001', 'aaaaaaaa-0000-0000-0000-000000000004', 'Sports',              4),
  -- Accessories
  ('11111111-0000-0000-0000-000000000001', 'aaaaaaaa-0000-0000-0000-000000000005', 'Bags & Wallets',      1),
  ('11111111-0000-0000-0000-000000000001', 'aaaaaaaa-0000-0000-0000-000000000005', 'Belts',               2),
  ('11111111-0000-0000-0000-000000000001', 'aaaaaaaa-0000-0000-0000-000000000005', 'Hats & Caps',         3),
  ('11111111-0000-0000-0000-000000000001', 'aaaaaaaa-0000-0000-0000-000000000005', 'Sunglasses',          4);

-- ── 6. Subcategories — Home Centre ───────────────────────────
insert into public.subcategories (company_id, category_id, name, sort_order) values
  -- Furniture
  ('11111111-0000-0000-0000-000000000002', 'bbbbbbbb-0000-0000-0000-000000000001', 'Bedroom',      1),
  ('11111111-0000-0000-0000-000000000002', 'bbbbbbbb-0000-0000-0000-000000000001', 'Sofa & Living',2),
  ('11111111-0000-0000-0000-000000000002', 'bbbbbbbb-0000-0000-0000-000000000001', 'Dining',       3),
  ('11111111-0000-0000-0000-000000000002', 'bbbbbbbb-0000-0000-0000-000000000001', 'Office',       4),
  -- Home Decor
  ('11111111-0000-0000-0000-000000000002', 'bbbbbbbb-0000-0000-0000-000000000002', 'Wall Decor',   1),
  ('11111111-0000-0000-0000-000000000002', 'bbbbbbbb-0000-0000-0000-000000000002', 'Mirrors',      2),
  ('11111111-0000-0000-0000-000000000002', 'bbbbbbbb-0000-0000-0000-000000000002', 'Candle Shop',  3),
  ('11111111-0000-0000-0000-000000000002', 'bbbbbbbb-0000-0000-0000-000000000002', 'Decorative',   4),
  -- Living
  ('11111111-0000-0000-0000-000000000002', 'bbbbbbbb-0000-0000-0000-000000000003', 'Kitchen',      1),
  ('11111111-0000-0000-0000-000000000002', 'bbbbbbbb-0000-0000-0000-000000000003', 'Carpet',       2),
  ('11111111-0000-0000-0000-000000000002', 'bbbbbbbb-0000-0000-0000-000000000003', 'Lighting',     3),
  ('11111111-0000-0000-0000-000000000002', 'bbbbbbbb-0000-0000-0000-000000000003', 'Bath',         4),
  ('11111111-0000-0000-0000-000000000002', 'bbbbbbbb-0000-0000-0000-000000000003', 'Soft Furnishing', 5),
  -- Garden
  ('11111111-0000-0000-0000-000000000002', 'bbbbbbbb-0000-0000-0000-000000000004', 'Outdoor Furniture', 1),
  ('11111111-0000-0000-0000-000000000002', 'bbbbbbbb-0000-0000-0000-000000000004', 'Plants & Pots',     2),
  ('11111111-0000-0000-0000-000000000002', 'bbbbbbbb-0000-0000-0000-000000000004', 'BBQ & Outdoor',     3),
  -- Kids
  ('11111111-0000-0000-0000-000000000002', 'bbbbbbbb-0000-0000-0000-000000000005', 'Kids Furniture', 1),
  ('11111111-0000-0000-0000-000000000002', 'bbbbbbbb-0000-0000-0000-000000000005', 'Toys',           2),
  ('11111111-0000-0000-0000-000000000002', 'bbbbbbbb-0000-0000-0000-000000000005', 'Bedding',        3);

-- ── 7. Subcategories — Scent World ───────────────────────────
insert into public.subcategories (company_id, category_id, name, sort_order) values
  -- Perfumes
  ('11111111-0000-0000-0000-000000000003', 'cccccccc-0000-0000-0000-000000000001', 'Men''s Fragrances',   1),
  ('11111111-0000-0000-0000-000000000003', 'cccccccc-0000-0000-0000-000000000001', 'Women''s Fragrances', 2),
  ('11111111-0000-0000-0000-000000000003', 'cccccccc-0000-0000-0000-000000000001', 'Unisex',              3),
  ('11111111-0000-0000-0000-000000000003', 'cccccccc-0000-0000-0000-000000000001', 'Niche',               4),
  -- Oud
  ('11111111-0000-0000-0000-000000000003', 'cccccccc-0000-0000-0000-000000000002', 'Pure Oud',            1),
  ('11111111-0000-0000-0000-000000000003', 'cccccccc-0000-0000-0000-000000000002', 'Oud Blends',          2),
  ('11111111-0000-0000-0000-000000000003', 'cccccccc-0000-0000-0000-000000000002', 'Bakhoor',             3),
  -- Body Care
  ('11111111-0000-0000-0000-000000000003', 'cccccccc-0000-0000-0000-000000000003', 'Body Lotion',         1),
  ('11111111-0000-0000-0000-000000000003', 'cccccccc-0000-0000-0000-000000000003', 'Shower Gel',          2),
  ('11111111-0000-0000-0000-000000000003', 'cccccccc-0000-0000-0000-000000000003', 'Hair Mist',           3),
  -- Gift Sets
  ('11111111-0000-0000-0000-000000000003', 'cccccccc-0000-0000-0000-000000000004', 'Luxury Sets',         1),
  ('11111111-0000-0000-0000-000000000003', 'cccccccc-0000-0000-0000-000000000004', 'Travel Sets',         2),
  ('11111111-0000-0000-0000-000000000003', 'cccccccc-0000-0000-0000-000000000004', 'Seasonal Sets',       3);
